{"cameraMode":{"drawMode":0,"name":"Shaded","section":"Shading Mode"},"sceneLighting":false,"audioPlay":false,"sceneViewState":{"m_AlwaysRefresh":false,"showFog":true,"showSkybox":false,"showFlares":true,"showImageEffects":true,"showParticleSystems":true,"showVisualEffectGraphs":true,"m_FxEnabled":true},"in2DMode":false,"pivot":{"x":-4.936895847320557,"y":-2.2362234592437746,"z":-3.917332410812378},"rotation":{"x":-0.0009431082871742547,"y":0.9733810424804688,"z":-0.22925569117069245,"w":-0.004091829527169466},"size":15.588458061218262,"orthographic":false}