{"cameraMode":{"drawMode":0,"name":"Shaded","section":"Shading Mode"},"sceneLighting":true,"audioPlay":false,"sceneViewState":{"m_AlwaysRefresh":false,"showFog":true,"showSkybox":true,"showFlares":true,"showImageEffects":true,"showParticleSystems":true,"showVisualEffectGraphs":true,"m_FxEnabled":true},"in2DMode":false,"pivot":{"x":7.169681549072266,"y":-16.684982299804689,"z":19.394512176513673},"rotation":{"x":0.27495238184928896,"y":0.22027727961540223,"z":-0.06465446949005127,"w":0.9337940216064453},"size":31.4326229095459,"orthographic":false}