{"cameraMode":{"drawMode":0,"name":"Shaded","section":"Shading Mode"},"sceneLighting":true,"audioPlay":false,"sceneViewState":{"m_AlwaysRefresh":false,"showFog":true,"showSkybox":true,"showFlares":true,"showImageEffects":true,"showParticleSystems":true,"showVisualEffectGraphs":true,"m_FxEnabled":true},"in2DMode":false,"pivot":{"x":0.8915619850158691,"y":-12.203264236450196,"z":14.722408294677735},"rotation":{"x":-0.22877636551856996,"y":-0.009292022325098515,"z":0.00213774386793375,"w":-0.9735245108604431},"size":23.500381469726564,"orthographic":false}