{"cameraMode":{"drawMode":0,"name":"Shaded","section":"Shading Mode"},"sceneLighting":false,"audioPlay":false,"sceneViewState":{"m_AlwaysRefresh":false,"showFog":false,"showSkybox":false,"showFlares":false,"showImageEffects":false,"showParticleSystems":false,"showVisualEffectGraphs":true,"m_FxEnabled":true},"in2DMode":false,"pivot":{"x":-1.8249260187149048,"y":2.418531894683838,"z":2.8050577640533449},"rotation":{"x":0.015032485127449036,"y":0.9522997140884399,"z":-0.04746599122881889,"w":0.3011671304702759},"size":1.9601792097091675,"orthographic":false}